comment_id,comment_content,comment_referent,submission_date,User_user_id,Pattern_pattern_id,Submission_submission_id,Submission_User_user_id
1,Meleagris gallopavo,SQ6821,8/21/2024,1,1,1,1
2,Terathopius ecaudatus,AI9509,10/20/2024,2,2,2,2
3,Trachyphonus vaillantii,SA2968,11/7/2024,3,3,3,3
4,Aquila chrysaetos,SQ9273,10/2/2024,4,4,4,4
5,Phalacrocorax carbo,QF1737,3/19/2025,5,5,5,5
6,Tiliqua scincoides,SK7694,10/14/2024,6,6,6,6
7,Oryx gazella,AV1895,4/29/2025,7,7,7,7
8,Bubulcus ibis,NH2007,5/2/2025,8,8,8,8
9,Ctenophorus ornatus,NH3213,1/16/2025,9,9,9,9
10,Meles meles,SQ9269,9/17/2024,10,10,10,10
11,Damaliscus lunatus,QF8051,9/18/2024,11,11,11,11
12,Panthera onca,LA3165,4/19/2025,12,12,12,12
13,Fratercula corniculata,SQ1946,10/24/2024,13,13,13,13
14,Falco mexicanus,QF4469,7/15/2025,14,14,14,14
15,Tockus erythrorhyncus,BA8865,6/29/2025,15,15,15,15
16,Alligator mississippiensis,AV6517,10/9/2024,16,16,16,16
17,Eubalaena australis,ET7901,10/23/2024,17,17,17,17
18,Sauromalus obesus,LA9044,5/14/2025,18,18,18,18
19,Macaca mulatta,QR5179,12/20/2024,19,19,19,19
20,Eubalaena australis,AA7566,1/29/2025,20,20,20,20
21,Chordeiles minor,NZ9763,7/25/2025,21,21,21,21
22,unavailable,UA6626,2/13/2025,22,22,22,22
23,Galago crassicaudataus,CX1598,5/22/2025,23,23,23,23
24,Vulpes vulpes,AZ2658,8/2/2025,24,24,24,24
25,unavailable,SK2122,9/19/2024,25,25,25,25
26,Plectopterus gambensis,TG6876,3/16/2025,26,26,26,26
27,Ctenophorus ornatus,LA3958,11/22/2024,27,27,27,27
28,Ploceus rubiginosus,EK5296,11/4/2024,28,28,28,28
29,Uraeginthus granatina,SK1252,1/21/2025,29,29,29,29
30,Alligator mississippiensis,AA7570,8/7/2025,30,30,30,30
31,Phalacrocorax albiventer,TG7588,7/14/2025,31,31,31,31
32,Varanus sp.,SK4873,4/17/2025,32,32,32,32
33,Charadrius tricollaris,NZ6009,5/23/2025,33,33,33,33
34,Laniaurius atrococcineus,CX5558,9/5/2024,34,34,34,34
35,Neotis denhami,CX7274,12/30/2024,35,35,35,35
36,Phalacrocorax carbo,ET6504,3/25/2025,36,36,36,36
37,Lepus arcticus,UA2209,7/31/2025,37,37,37,37
38,Anas bahamensis,KL3740,9/18/2024,38,38,38,38
39,Petaurus norfolcensis,CX8540,12/22/2024,39,39,39,39
40,Heloderma horridum,ET6593,12/13/2024,40,40,40,40
41,unavailable,QF4877,10/22/2024,41,41,41,41
42,Sarcorhamphus papa,AI8609,12/6/2024,42,42,42,42
43,Speotyte cuniculata,QF8392,7/13/2025,43,43,43,43
44,Anser caerulescens,AM2655,5/15/2025,44,44,44,44
45,Felis concolor,AZ1923,8/4/2025,45,45,45,45
46,Phoca vitulina,AC9050,2/24/2025,46,46,46,46
47,Melophus lathami,AI6155,12/24/2024,47,47,47,47
48,Merops nubicus,WN7177,3/2/2025,48,48,48,48
49,Microcebus murinus,KE6046,9/12/2024,49,49,49,49
50,Marmota flaviventris,QR8726,12/17/2024,50,50,50,50
51,Cathartes aura,AI8120,11/9/2024,51,51,51,51
52,Lutra canadensis,AC7028,1/5/2025,52,52,52,52
53,Sauromalus obesus,AI5617,5/27/2025,53,53,53,53
54,Anathana ellioti,BA5347,12/25/2024,54,54,54,54
55,Halcyon smyrnesis,BA7579,1/27/2025,55,55,55,55
56,Phalaropus fulicarius,IB8240,8/8/2025,56,56,56,56
57,Raphicerus campestris,IB2298,1/20/2025,57,57,57,57
58,Cebus apella,SQ2302,3/26/2025,58,58,58,58
59,Vicugna vicugna,SQ2715,10/6/2024,59,59,59,59
60,Ara ararauna,EK6023,12/22/2024,60,60,60,60
61,Salvadora hexalepis,ET4086,10/24/2024,61,61,61,61
62,Varanus sp.,SA2806,2/19/2025,62,62,62,62
63,Felis concolor,NH8549,1/26/2025,63,63,63,63
64,Microcebus murinus,WN9446,5/9/2025,64,64,64,64
65,Macropus robustus,AM9131,2/13/2025,65,65,65,65
66,Oryx gazella,AF2026,11/6/2024,66,66,66,66
67,Trichosurus vulpecula,SA8513,4/25/2025,67,67,67,67
68,Macropus eugenii,EK2648,8/8/2025,68,68,68,68
69,Laniarius ferrugineus,AM2437,7/4/2025,69,69,69,69
70,Ramphastos tucanus,SQ1972,8/24/2024,70,70,70,70
71,Tursiops truncatus,TG6220,8/14/2024,71,71,71,71
72,Helogale undulata,WN1389,9/3/2024,72,72,72,72
73,Caiman crocodilus,ET9491,6/28/2025,73,73,73,73
74,Trachyphonus vaillantii,SQ6869,11/17/2024,74,74,74,74
75,Lophoaetus occipitalis,SQ7261,4/1/2025,75,75,75,75
76,Larus dominicanus,EK1908,6/29/2025,76,76,76,76
77,Choriotis kori,CX1092,8/7/2025,77,77,77,77
78,Paradoxurus hermaphroditus,AM6212,6/8/2025,78,78,78,78
79,Zenaida galapagoensis,DL5388,11/25/2024,79,79,79,79
80,Hystrix indica,TG5067,11/3/2024,80,80,80,80
81,Galictis vittata,AI2165,9/4/2024,81,81,81,81
82,Ratufa indica,NZ7198,8/24/2024,82,82,82,82
83,Francolinus coqui,AA1004,1/3/2025,83,83,83,83
84,Tockus flavirostris,SK7218,1/4/2025,84,84,84,84
85,Boa caninus,QF8775,9/6/2024,85,85,85,85
86,Colobus guerza,LH4170,7/28/2025,86,86,86,86
87,Eunectes sp.,UA3041,2/3/2025,87,87,87,87
88,Sylvilagus floridanus,KE8563,6/17/2025,88,88,88,88
89,Carduelis uropygialis,SK7335,9/18/2024,89,89,89,89
90,Bucephala clangula,KL3432,1/17/2025,90,90,90,90
91,Varanus sp.,AF5963,3/20/2025,91,91,91,91
92,unavailable,AA4559,8/27/2024,92,92,92,92
93,Coracias caudata,LA5649,11/25/2024,93,93,93,93
94,Ratufa indica,QF9304,10/16/2024,94,94,94,94
95,Columba palumbus,KL4754,2/4/2025,95,95,95,95
96,Ratufa indica,SA9239,5/20/2025,96,96,96,96
97,Macaca radiata,ET2023,5/11/2025,97,97,97,97
98,Psophia viridis,QR5924,8/5/2025,98,98,98,98
99,Plectopterus gambensis,EK8611,1/11/2025,99,99,99,99
100,Macropus eugenii,AZ3803,12/15/2024,100,100,100,100
101,unavailable,AM9111,7/5/2025,101,101,101,101
102,Aquila chrysaetos,AF9449,11/6/2024,102,102,102,102
103,Corythornis cristata,QF7218,9/30/2024,103,103,103,103
104,Ara ararauna,SA4783,1/8/2025,104,104,104,104
105,Didelphis virginiana,SA8513,4/4/2025,105,105,105,105
106,Pytilia melba,LA9061,12/11/2024,106,106,106,106
107,Sula dactylatra,AA7764,9/20/2024,107,107,107,107
108,Ceratotherium simum,KL7370,7/12/2025,108,108,108,108
109,Uraeginthus granatina,NZ5122,10/21/2024,109,109,109,109
110,Manouria emys,LH2858,3/2/2025,110,110,110,110
111,Cygnus atratus,KE6156,2/2/2025,111,111,111,111
112,Buteo regalis,CX7663,9/18/2024,112,112,112,112
113,Trachyphonus vaillantii,IB4996,11/29/2024,113,113,113,113
114,Corvus albicollis,SK9472,9/6/2024,114,114,114,114
115,Hyaena brunnea,KL5381,1/29/2025,115,115,115,115
116,Delphinus delphis,ET5952,9/18/2024,116,116,116,116
117,Lamprotornis nitens,NH6529,6/15/2025,117,117,117,117
118,Ictonyx striatus,AZ6446,12/25/2024,118,118,118,118
119,Rhea americana,LA9322,4/3/2025,119,119,119,119
120,Lamprotornis sp.,AZ5874,6/13/2025,120,120,120,120
121,Bubalus arnee,NH7999,11/20/2024,121,121,121,121
122,Eunectes sp.,IB2298,8/25/2024,122,122,122,122
123,Choriotis kori,AM7520,6/25/2025,123,123,123,123
124,Panthera pardus,UA3397,10/17/2024,124,124,124,124
125,Dasypus novemcinctus,DL1090,6/22/2025,125,125,125,125
126,Tamandua tetradactyla,TG3547,3/14/2025,126,126,126,126
127,Lasiodora parahybana,SQ4431,4/22/2025,127,127,127,127
128,Prionace glauca,AZ1200,2/6/2025,128,128,128,128
129,Fregata magnificans,AV8175,3/20/2025,129,129,129,129
130,Toxostoma curvirostre,AV6698,8/11/2024,130,130,130,130
131,unavailable,SQ6869,11/24/2024,131,131,131,131
132,Egretta thula,CX1465,8/14/2024,132,132,132,132
133,Gorilla gorilla,TG2914,8/12/2024,133,133,133,133
134,Anhinga rufa,SQ4039,10/27/2024,134,134,134,134
135,Diomedea irrorata,EK2822,12/23/2024,135,135,135,135
136,Acrobates pygmaeus,AC9578,4/24/2025,136,136,136,136
137,Platalea leucordia,AC8541,6/29/2025,137,137,137,137
138,Eudyptula minor,NZ5909,7/18/2025,138,138,138,138
139,Ceryle rudis,EK7596,3/2/2025,139,139,139,139
140,Lamprotornis nitens,AZ7236,5/31/2025,140,140,140,140
141,Varanus sp.,SK7480,9/19/2024,141,141,141,141
142,Ceratotherium simum,IB8895,5/19/2025,142,142,142,142
143,Cynomys ludovicianus,NH4423,9/2/2024,143,143,143,143
144,Loris tardigratus,SQ7108,7/1/2025,144,144,144,144
145,Cacatua tenuirostris,SA8769,8/30/2024,145,145,145,145
146,Varanus sp.,SK9472,8/24/2024,146,146,146,146
147,Larus dominicanus,DL3432,2/1/2025,147,147,147,147
148,Corvus albicollis,LH1606,4/8/2025,148,148,148,148
149,Sula dactylatra,AV1456,4/3/2025,149,149,149,149
150,Uraeginthus angolensis,SK7218,2/21/2025,150,150,150,150
151,Eolophus roseicapillus,AA6821,4/29/2025,151,151,151,151
152,Anastomus oscitans,NH7905,12/13/2024,152,152,152,152
153,Irania gutteralis,AA1630,10/13/2024,153,153,153,153
154,Macropus rufogriseus,IB3698,2/26/2025,154,154,154,154
155,Papilio canadensis,TG3765,4/9/2025,155,155,155,155
156,Tiliqua scincoides,KE5966,4/22/2025,156,156,156,156
157,Balearica pavonina,DL5162,6/17/2025,157,157,157,157
158,Alcelaphus buselaphus caama,KL2554,11/12/2024,158,158,158,158
159,Dasyurus viverrinus,AZ2418,6/19/2025,159,159,159,159
160,Ovis orientalis,AI5614,8/21/2024,160,160,160,160
161,Chlamydosaurus kingii,SA9852,10/7/2024,161,161,161,161
162,Coracias caudata,ET7584,5/29/2025,162,162,162,162
163,Alligator mississippiensis,QR9331,5/26/2025,163,163,163,163
164,Raphicerus campestris,SA5940,4/23/2025,164,164,164,164
165,Dicrostonyx groenlandicus,AF4414,9/8/2024,165,165,165,165
166,Arctogalidia trivirgata,DL1090,8/6/2025,166,166,166,166
167,Pelecanus conspicillatus,NH5280,3/24/2025,167,167,167,167
168,Rangifer tarandus,LH2007,6/22/2025,168,168,168,168
169,Anthropoides paradisea,BA3445,4/12/2025,169,169,169,169
170,Camelus dromedarius,SA2417,1/28/2025,170,170,170,170
171,Varanus komodensis,NH6392,6/25/2025,171,171,171,171
172,Felis silvestris lybica,LA7613,9/10/2024,172,172,172,172
173,Manouria emys,QF9280,11/12/2024,173,173,173,173
174,Vulpes vulpes,LH3400,9/5/2024,174,174,174,174
175,Procyon lotor,AM5249,4/3/2025,175,175,175,175
176,Alopex lagopus,UA8569,10/8/2024,176,176,176,176
177,Pseudoleistes virescens,SQ1946,3/26/2025,177,177,177,177
178,Lamprotornis chalybaeus,SQ1154,4/3/2025,178,178,178,178
179,Bucephala clangula,QF1731,10/23/2024,179,179,179,179
180,Alouatta seniculus,QF3938,5/15/2025,180,180,180,180
181,Milvago chimachima,AZ5690,1/23/2025,181,181,181,181
182,Bassariscus astutus,KE6091,3/23/2025,182,182,182,182
183,Coluber constrictor foxii,UA9709,8/28/2024,183,183,183,183
184,Streptopelia senegalensis,LA7613,1/12/2025,184,184,184,184
185,Stercorarius longicausus,WN8861,2/12/2025,185,185,185,185
186,Ursus americanus,SK8375,7/23/2025,186,186,186,186
187,Eunectes sp.,BA2633,8/6/2025,187,187,187,187
188,Ara ararauna,UA4214,8/10/2025,188,188,188,188
189,Rhea americana,AC9211,4/7/2025,189,189,189,189
190,Taurotagus oryx,AI6387,11/22/2024,190,190,190,190
191,Macropus robustus,EK7596,5/19/2025,191,191,191,191
192,Deroptyus accipitrinus,BA1149,12/27/2024,192,192,192,192
193,Aonyx cinerea,UA3447,8/16/2024,193,193,193,193
194,Stenella coeruleoalba,ET4228,2/8/2025,194,194,194,194
195,Anas bahamensis,CX3529,7/18/2025,195,195,195,195
196,Anser anser,SK7338,7/5/2025,196,196,196,196
197,Ploceus rubiginosus,KE9236,11/29/2024,197,197,197,197
198,Dasyprocta leporina,SA9026,9/8/2024,198,198,198,198
199,Nyctea scandiaca,ET7315,10/4/2024,199,199,199,199
200,Lorythaixoides concolor,SK6204,12/8/2024,200,200,200,200
201,Platalea leucordia,AF1967,5/24/2025,201,201,201,201
202,Hyaena brunnea,AI3208,8/21/2024,202,202,202,202
203,Didelphis virginiana,KL3187,9/11/2024,203,203,203,203
204,Cereopsis novaehollandiae,NH4302,11/7/2024,204,204,204,204
205,Colobus guerza,EK3589,1/24/2025,205,205,205,205
206,Leptoptilus dubius,AZ5740,9/5/2024,206,206,206,206
207,Crotalus adamanteus,NZ7965,12/6/2024,207,207,207,207
208,Meles meles,KL8508,7/26/2025,208,208,208,208
209,Anathana ellioti,KL1912,12/11/2024,209,209,209,209
210,Canis lupus baileyi,SA4500,10/6/2024,210,210,210,210
211,Columba palumbus,AI2682,8/11/2024,211,211,211,211
212,Parus atricapillus,AM6788,7/23/2025,212,212,212,212
213,Galago crassicaudataus,KE7714,12/18/2024,213,213,213,213
214,Cacatua galerita,AZ8339,4/10/2025,214,214,214,214
215,Anthropoides paradisea,KL9159,8/15/2024,215,215,215,215
216,Haematopus ater,TG1932,10/16/2024,216,216,216,216
217,Acinynox jubatus,QR3479,6/24/2025,217,217,217,217
218,Dromaeus novaehollandiae,WN2114,2/24/2025,218,218,218,218
219,Macaca radiata,QR9059,8/24/2024,219,219,219,219
220,Lamprotornis superbus,DL5432,11/9/2024,220,220,220,220
221,Hystrix cristata,AZ8524,3/8/2025,221,221,221,221
222,Vanellus armatus,AZ3803,5/17/2025,222,222,222,222
223,Sarcophilus harrisii,AZ9387,7/5/2025,223,223,223,223
224,Dendrocitta vagabunda,ET4086,9/13/2024,224,224,224,224
225,Pan troglodytes,DL3408,12/23/2024,225,225,225,225
226,Spermophilus richardsonii,AF1967,5/1/2025,226,226,226,226
227,Castor fiber,AZ8989,3/3/2025,227,227,227,227
228,Centrocercus urophasianus,LA7781,5/9/2025,228,228,228,228
229,Chlamydosaurus kingii,AI4444,4/16/2025,229,229,229,229
230,Corvus albicollis,IB8526,6/16/2025,230,230,230,230
231,Ovis dalli stonei,AI2709,11/18/2024,231,231,231,231
232,Macropus fuliginosus,QR2001,5/28/2025,232,232,232,232
233,Estrilda erythronotos,LH8675,5/14/2025,233,233,233,233
234,Giraffe camelopardalis,AA5427,6/27/2025,234,234,234,234
235,Lepus townsendii,ET5547,1/14/2025,235,235,235,235
236,Anathana ellioti,QF6330,11/4/2024,236,236,236,236
237,Crotalus triseriatus,WN3613,4/25/2025,237,237,237,237
238,Ceratotherium simum,AZ8496,1/23/2025,238,238,238,238
239,Snycerus caffer,QF6818,12/5/2024,239,239,239,239
240,Diceros bicornis,AM4292,2/21/2025,240,240,240,240
241,Petaurus norfolcensis,IB4805,9/9/2024,241,241,241,241
242,Gopherus agassizii,QF2199,1/4/2025,242,242,242,242
243,Pycnonotus nigricans,EK4642,8/14/2024,243,243,243,243
244,Chauna torquata,AM6125,6/4/2025,244,244,244,244
245,Phasianus colchicus,SQ8501,5/28/2025,245,245,245,245
246,Phalacrocorax carbo,AZ7009,5/5/2025,246,246,246,246
247,Lycosa godeffroyi,KE4277,12/28/2024,247,247,247,247
248,Chordeiles minor,UA6826,7/2/2025,248,248,248,248
249,Smithopsis crassicaudata,QR4970,10/25/2024,249,249,249,249
250,Ovibos moschatus,AM3307,1/19/2025,250,250,250,250
251,Colaptes campestroides,AV2988,12/19/2024,251,251,251,251
252,unavailable,AV3764,2/6/2025,252,252,252,252
253,Dipodomys deserti,ET4581,6/20/2025,253,253,253,253
254,Halcyon smyrnesis,TG6220,4/26/2025,254,254,254,254
255,Pteropus rufus,AA4462,8/16/2024,255,255,255,255
256,Loris tardigratus,AA2610,1/17/2025,256,256,256,256
257,Tetracerus quadricornis,AV1895,9/22/2024,257,257,257,257
258,Aegypius tracheliotus,QR8829,8/15/2024,258,258,258,258
259,Macropus eugenii,TG3327,7/10/2025,259,259,259,259
260,Halcyon smyrnesis,KE9074,12/19/2024,260,260,260,260
261,Laniaurius atrococcineus,AI6387,11/9/2024,261,261,261,261
262,Streptopelia senegalensis,UA1028,2/1/2025,262,262,262,262
263,Streptopelia senegalensis,SK5076,3/27/2025,263,263,263,263
264,Ursus maritimus,NZ1680,9/3/2024,264,264,264,264
265,Laniarius ferrugineus,TG8538,1/7/2025,265,265,265,265
266,Ursus americanus,AC2616,2/13/2025,266,266,266,266
267,Pelecans onocratalus,SQ5096,11/13/2024,267,267,267,267
268,Pseudoleistes virescens,QF5992,3/23/2025,268,268,268,268
269,Colobus guerza,SK1074,1/30/2025,269,269,269,269
270,Pseudocheirus peregrinus,AM4031,5/2/2025,270,270,270,270
271,Upupa epops,IB3411,10/27/2024,271,271,271,271
272,Spizaetus coronatus,KE3851,2/8/2025,272,272,272,272
273,Felis chaus,QR1958,3/3/2025,273,273,273,273
274,Petaurus breviceps,AA9999,7/11/2025,274,274,274,274
275,Phalacrocorax carbo,LA8837,10/5/2024,275,275,275,275
276,Zosterops pallidus,CX3624,3/18/2025,276,276,276,276
277,Pitangus sulphuratus,QR5078,3/26/2025,277,277,277,277
278,Podargus strigoides,ET6038,11/4/2024,278,278,278,278
279,Cebus apella,ET1905,4/9/2025,279,279,279,279
280,Dacelo novaeguineae,DL4619,1/22/2025,280,280,280,280
281,Funambulus pennati,DL1090,7/27/2025,281,281,281,281
282,Vulpes cinereoargenteus,TG3890,12/13/2024,282,282,282,282
283,Bison bison,AA9509,2/23/2025,283,283,283,283
284,Acridotheres tristis,LH3949,7/8/2025,284,284,284,284
285,Macropus agilis,AZ9769,1/5/2025,285,285,285,285
286,Smithopsis crassicaudata,NZ9098,2/11/2025,286,286,286,286
287,Cereopsis novaehollandiae,CX3334,8/12/2024,287,287,287,287
288,Hippotragus niger,AC5689,2/23/2025,288,288,288,288
289,Ovis dalli stonei,SA3472,6/29/2025,289,289,289,289
290,Varanus salvator,AA6703,6/28/2025,290,290,290,290
291,Choriotis kori,ET1266,8/3/2025,291,291,291,291
292,Cervus unicolor,NH4186,3/1/2025,292,292,292,292
293,Parus atricapillus,SQ5593,2/10/2025,293,293,293,293
294,Ardea golieth,CX1015,12/22/2024,294,294,294,294
295,Dicrostonyx groenlandicus,KE3449,3/26/2025,295,295,295,295
296,Galago crassicaudataus,AV1063,2/17/2025,296,296,296,296
297,Anas bahamensis,SK7017,4/6/2025,297,297,297,297
298,Toxostoma curvirostre,KL6376,11/12/2024,298,298,298,298
299,Aonyx capensis,EK4517,7/4/2025,299,299,299,299
300,Geochelone elegans,KE4715,4/18/2025,300,300,300,300
301,Dasyurus maculatus,AV7022,11/12/2024,301,301,301,301
302,Ramphastos tucanus,AI1923,5/23/2025,302,302,302,302
303,Canis aureus,KE6093,4/29/2025,303,303,303,303
304,Tiliqua scincoides,AC3468,4/15/2025,304,304,304,304
305,Marmota caligata,AI3208,2/3/2025,305,305,305,305
306,Francolinus swainsonii,BA2318,11/7/2024,306,306,306,306
307,Nucifraga columbiana,AF6961,9/23/2024,307,307,307,307
308,Damaliscus dorcas,WN3456,5/31/2025,308,308,308,308
309,Anathana ellioti,QF4285,6/27/2025,309,309,309,309
310,Uraeginthus granatina,AM9401,1/7/2025,310,310,310,310
311,Paraxerus cepapi,AF3094,3/26/2025,311,311,311,311
312,Uraeginthus bengalus,SA6582,6/1/2025,312,312,312,312
313,Columba palumbus,EK2830,3/17/2025,313,313,313,313
314,Oreotragus oreotragus,SQ3016,4/15/2025,314,314,314,314
315,Streptopelia decipiens,TG8329,9/28/2024,315,315,315,315
316,Recurvirostra avosetta,NH9522,12/14/2024,316,316,316,316
317,unavailable,AV2826,3/16/2025,317,317,317,317
318,Aegypius tracheliotus,QR5364,7/31/2025,318,318,318,318
319,Epicrates cenchria maurus,SA2680,2/4/2025,319,319,319,319
320,Lasiodora parahybana,AC8159,8/5/2025,320,320,320,320
321,Sceloporus magister,SA2079,11/12/2024,321,321,321,321
322,Alopex lagopus,EK4497,7/30/2025,322,322,322,322
323,unavailable,AI8986,7/12/2025,323,323,323,323
324,Laniaurius atrococcineus,DL4434,1/13/2025,324,324,324,324
325,Anser caerulescens,QF2974,7/13/2025,325,325,325,325
326,Streptopelia decipiens,SK3316,4/4/2025,326,326,326,326
327,Sula nebouxii,AA7865,9/15/2024,327,327,327,327
328,Mazama americana,SA5199,10/1/2024,328,328,328,328
329,Milvago chimachima,NZ8876,4/20/2025,329,329,329,329
330,Tachybaptus ruficollis,NZ1348,7/29/2025,330,330,330,330
331,Canis aureus,AM2190,6/14/2025,331,331,331,331
332,Lamprotornis nitens,AA4559,9/24/2024,332,332,332,332
333,Ammospermophilus nelsoni,DL5835,3/15/2025,333,333,333,333
334,Felis rufus,SK6775,10/2/2024,334,334,334,334
335,Hystrix indica,AC1520,7/25/2025,335,335,335,335
336,Tetracerus quadricornis,ET4024,1/17/2025,336,336,336,336
337,Macaca mulatta,LA2192,1/24/2025,337,337,337,337
338,Phoeniconaias minor,AI2034,7/26/2025,338,338,338,338
339,Psittacula krameri,EK4555,6/17/2025,339,339,339,339
340,Canis aureus,LH2851,12/10/2024,340,340,340,340
341,Francolinus coqui,BA2318,1/7/2025,341,341,341,341
342,Cathartes aura,BA2815,5/9/2025,342,342,342,342
343,Ammospermophilus nelsoni,IB6399,6/24/2025,343,343,343,343
344,Leptoptilos crumeniferus,ET2520,8/26/2024,344,344,344,344
345,Canis mesomelas,AA4011,3/8/2025,345,345,345,345
346,Uraeginthus granatina,ET6494,2/9/2025,346,346,346,346
347,Chelodina longicollis,KE7505,7/27/2025,347,347,347,347
348,Ateles paniscus,NH6772,10/15/2024,348,348,348,348
349,Neophoca cinerea,AF7132,6/20/2025,349,349,349,349
350,Terathopius ecaudatus,BA8274,8/14/2024,350,350,350,350
351,Anas punctata,AC5745,9/11/2024,351,351,351,351
352,Haliaeetus leucoryphus,TG3173,3/4/2025,352,352,352,352
353,Mazama gouazoubira,DL7036,8/27/2024,353,353,353,353
354,Oreotragus oreotragus,NZ9286,12/24/2024,354,354,354,354
355,Macropus fuliginosus,AM2030,11/20/2024,355,355,355,355
356,Hystrix cristata,WN9277,8/11/2024,356,356,356,356
357,Canis lupus baileyi,QF5533,11/3/2024,357,357,357,357
358,Nyctereutes procyonoides,AC7189,11/19/2024,358,358,358,358
359,Delphinus delphis,NZ9504,10/2/2024,359,359,359,359
360,Odocoileus hemionus,AC5775,12/17/2024,360,360,360,360
361,Haliaetus leucogaster,AF5273,7/15/2025,361,361,361,361
362,Ovibos moschatus,TG4753,10/13/2024,362,362,362,362
363,Sagittarius serpentarius,NZ9626,9/6/2024,363,363,363,363
364,Fratercula corniculata,AF9744,12/14/2024,364,364,364,364
365,Camelus dromedarius,EK2263,12/1/2024,365,365,365,365
366,Choloepus hoffmani,TG6855,10/27/2024,366,366,366,366
367,Cebus apella,LA9967,8/20/2024,367,367,367,367
368,Lycaon pictus,AV3056,6/19/2025,368,368,368,368
369,Cervus duvauceli,LA5411,3/25/2025,369,369,369,369
370,Pitangus sulphuratus,NZ7734,10/13/2024,370,370,370,370
371,Delphinus delphis,NZ1172,10/25/2024,371,371,371,371
372,Papio cynocephalus,BA5173,11/9/2024,372,372,372,372
373,Scolopax minor,NH5222,5/17/2025,373,373,373,373
374,Bradypus tridactylus,LH7260,5/19/2025,374,374,374,374
375,Colobus guerza,AV2744,8/15/2024,375,375,375,375
376,Chlamydosaurus kingii,KE1298,2/4/2025,376,376,376,376
377,Spizaetus coronatus,KL7317,10/26/2024,377,377,377,377
378,Pavo cristatus,LA4664,12/26/2024,378,378,378,378
379,Chamaelo sp.,LH3940,1/9/2025,379,379,379,379
380,Cebus nigrivittatus,WN7069,4/14/2025,380,380,380,380
381,Myiarchus tuberculifer,QR7324,2/19/2025,381,381,381,381
382,Grus antigone,AF7952,11/25/2024,382,382,382,382
383,Manouria emys,AF4149,2/4/2025,383,383,383,383
384,Cervus canadensis,SK7366,1/1/2025,384,384,384,384
385,Pan troglodytes,LA9878,10/17/2024,385,385,385,385
386,Paraxerus cepapi,ET3233,8/19/2024,386,386,386,386
387,Ara ararauna,DL1762,12/24/2024,387,387,387,387
388,Papilio canadensis,LA9817,10/25/2024,388,388,388,388
389,Castor canadensis,CX9412,8/3/2025,389,389,389,389
390,Morelia spilotes variegata,EK9373,3/6/2025,390,390,390,390
391,Nasua nasua,KE7989,4/29/2025,391,391,391,391
392,Parus atricapillus,NZ8857,1/15/2025,392,392,392,392
393,Canis aureus,AF8267,8/1/2025,393,393,393,393
394,Mycteria ibis,WN5860,8/8/2025,394,394,394,394
395,Crotalus triseriatus,QR8922,10/8/2024,395,395,395,395
396,Phalacrocorax niger,DL2968,4/7/2025,396,396,396,396
397,Corvus albicollis,BA6160,4/19/2025,397,397,397,397
398,Libellula quadrimaculata,WN3384,6/13/2025,398,398,398,398
399,Myrmecophaga tridactyla,QF1128,4/30/2025,399,399,399,399
400,Alcelaphus buselaphus caama,LA1545,3/3/2025,400,400,400,400
401,Spermophilus parryii,KE1526,12/7/2024,401,401,401,401
402,Haematopus ater,ET9521,1/14/2025,402,402,402,402
403,Redunca redunca,KE2765,2/3/2025,403,403,403,403
404,Theropithecus gelada,ET2517,5/26/2025,404,404,404,404
405,Petaurus breviceps,WN5998,2/4/2025,405,405,405,405
406,Psophia viridis,EK9440,10/30/2024,406,406,406,406
407,Libellula quadrimaculata,AM3096,9/9/2024,407,407,407,407
408,Cereopsis novaehollandiae,AV6310,11/12/2024,408,408,408,408
409,Pandon haliaetus,AF7152,7/21/2025,409,409,409,409
410,Buteo regalis,IB1163,7/21/2025,410,410,410,410
411,Anser caerulescens,DL3432,11/26/2024,411,411,411,411
412,Larus dominicanus,ET6593,8/18/2024,412,412,412,412
413,Tadorna tadorna,SQ5275,11/1/2024,413,413,413,413
414,Hymenolaimus malacorhynchus,LA9766,10/23/2024,414,414,414,414
415,Papio cynocephalus,SQ5103,7/12/2025,415,415,415,415
416,Rana sp.,EK3314,6/9/2025,416,416,416,416
417,Streptopelia senegalensis,BA2476,8/5/2025,417,417,417,417
418,Oryx gazella,AC5211,3/2/2025,418,418,418,418
419,Macropus eugenii,KL6659,3/24/2025,419,419,419,419
420,Mycteria leucocephala,SK9524,12/28/2024,420,420,420,420
421,Ciconia episcopus,LA4298,12/22/2024,421,421,421,421
422,Phasianus colchicus,EK5296,1/29/2025,422,422,422,422
423,Sterna paradisaea,LH5458,10/22/2024,423,423,423,423
424,Microcebus murinus,UA8281,6/19/2025,424,424,424,424
425,Lamprotornis superbus,CX2731,3/31/2025,425,425,425,425
426,Madoqua kirkii,DL1117,8/1/2025,426,426,426,426
427,Cervus duvauceli,QF5185,10/20/2024,427,427,427,427
428,Manouria emys,LH9450,5/19/2025,428,428,428,428
429,Phascogale tapoatafa,LH8953,5/8/2025,429,429,429,429
430,Gabianus pacificus,LA4220,11/14/2024,430,430,430,430
431,Echimys chrysurus,AI5205,4/13/2025,431,431,431,431
432,Haematopus ater,AV7022,2/12/2025,432,432,432,432
433,Plegadis ridgwayi,QR2054,12/26/2024,433,433,433,433
434,Varanus salvator,TG8790,12/28/2024,434,434,434,434
435,unavailable,LA1659,7/27/2025,435,435,435,435
436,Phacochoerus aethiopus,AM4035,7/12/2025,436,436,436,436
437,Alopex lagopus,DL9006,7/21/2025,437,437,437,437
438,Bassariscus astutus,AA9620,5/11/2025,438,438,438,438
439,Thamnolaea cinnmomeiventris,UA8923,1/15/2025,439,439,439,439
440,Marmota monax,AA2486,1/26/2025,440,440,440,440
441,Petaurus norfolcensis,AF5963,2/27/2025,441,441,441,441
442,Myiarchus tuberculifer,QR5985,8/20/2024,442,442,442,442
443,Ratufa indica,QR3285,10/15/2024,443,443,443,443
444,Phalaropus fulicarius,EK5040,6/3/2025,444,444,444,444
445,unavailable,AI4479,6/11/2025,445,445,445,445
446,Coendou prehensilis,NZ4558,6/5/2025,446,446,446,446
447,Dusicyon thous,AI8506,6/5/2025,447,447,447,447
448,Crotalus adamanteus,DL3408,9/7/2024,448,448,448,448
449,Macaca radiata,AI3145,5/17/2025,449,449,449,449
450,Cereopsis novaehollandiae,KE2609,4/11/2025,450,450,450,450
451,Caiman crocodilus,LA1106,11/19/2024,451,451,451,451
452,Butorides striatus,DL2968,3/2/2025,452,452,452,452
453,Merops nubicus,AM4416,4/12/2025,453,453,453,453
454,Ephippiorhynchus mycteria,SA7749,2/3/2025,454,454,454,454
455,Elephas maximus bengalensis,SK9731,5/4/2025,455,455,455,455
456,Otocyon megalotis,DL3408,1/13/2025,456,456,456,456
457,Ovibos moschatus,SQ3395,1/13/2025,457,457,457,457
458,Sitta canadensis,NZ1707,12/10/2024,458,458,458,458
459,Myotis lucifugus,AZ7822,9/18/2024,459,459,459,459
460,Centrocercus urophasianus,NZ1707,12/2/2024,460,460,460,460
461,Equus burchelli,ET5456,10/2/2024,461,461,461,461
462,Potos flavus,KL4860,1/30/2025,462,462,462,462
463,Macropus eugenii,SK3962,6/22/2025,463,463,463,463
464,Damaliscus lunatus,CX7004,10/13/2024,464,464,464,464
465,Lemur catta,NH2315,12/2/2024,465,465,465,465
466,Varanus albigularis,SK7103,1/17/2025,466,466,466,466
467,Connochaetus taurinus,AA8316,5/28/2025,467,467,467,467
468,Choloepus hoffmani,KE3373,1/16/2025,468,468,468,468
469,Cynictis penicillata,QF8051,10/22/2024,469,469,469,469
470,Cyrtodactylus louisiadensis,AM4372,11/9/2024,470,470,470,470
471,Felis silvestris lybica,AV8306,8/13/2024,471,471,471,471
472,Sciurus niger,AC3743,6/22/2025,472,472,472,472
473,Ramphastos tucanus,LH7516,6/19/2025,473,473,473,473
474,Erinaceus frontalis,ET2308,11/17/2024,474,474,474,474
475,Bettongia penicillata,KL1814,8/27/2024,475,475,475,475
476,Kobus defassa,NZ3206,6/18/2025,476,476,476,476
477,Actophilornis africanus,EK7539,5/8/2025,477,477,477,477
478,Anas bahamensis,AM9862,2/27/2025,478,478,478,478
479,Acrobates pygmaeus,TG7596,10/18/2024,479,479,479,479
480,Crotalus adamanteus,CX4113,11/22/2024,480,480,480,480
481,Snycerus caffer,AA2277,1/27/2025,481,481,481,481
482,Cracticus nigroagularis,SK4129,5/4/2025,482,482,482,482
483,Felis silvestris lybica,AC4330,12/6/2024,483,483,483,483
484,Sarcorhamphus papa,KE6076,2/6/2025,484,484,484,484
485,Canis lupus,TG9555,9/28/2024,485,485,485,485
486,Tadorna tadorna,TG5210,10/4/2024,486,486,486,486
487,Cacatua tenuirostris,IB8118,9/8/2024,487,487,487,487
488,Drymarchon corias couperi,NZ1707,7/7/2025,488,488,488,488
489,unavailable,DL7893,5/19/2025,489,489,489,489
490,Smithopsis crassicaudata,QF1329,3/9/2025,490,490,490,490
491,Gyps fulvus,TG3255,6/3/2025,491,491,491,491
492,Zalophus californicus,QR9282,8/17/2024,492,492,492,492
493,Hippotragus niger,AV3164,10/3/2024,493,493,493,493
494,Phalacrocorax varius,WN9442,11/27/2024,494,494,494,494
495,Oryx gazella,SK2389,12/12/2024,495,495,495,495
496,Agelaius phoeniceus,AZ8697,1/1/2025,496,496,496,496
497,Naja haje,UA8290,1/14/2025,497,497,497,497
498,Stenella coeruleoalba,AF7165,12/3/2024,498,498,498,498
499,Dendrocitta vagabunda,NZ9000,7/2/2025,499,499,499,499
500,Centrocercus urophasianus,UA2339,11/23/2024,500,500,500,500
501,Ara ararauna,AI4621,12/10/2024,501,501,501,501
502,Phoeniconaias minor,NZ4752,1/19/2025,502,502,502,502
503,Trichosurus vulpecula,QF4877,5/2/2025,503,503,503,503
504,Spermophilus parryii,IB2634,11/9/2024,504,504,504,504
505,Priodontes maximus,AV2802,3/23/2025,505,505,505,505
506,Equus hemionus,BA1442,5/4/2025,506,506,506,506
507,unavailable,AI5999,5/17/2025,507,507,507,507
508,Mirounga leonina,AF5408,4/21/2025,508,508,508,508
509,Calyptorhynchus magnificus,KL8886,1/27/2025,509,509,509,509
510,Mirounga leonina,EK5250,3/26/2025,510,510,510,510
511,Chauna torquata,TG9178,3/23/2025,511,511,511,511
512,Corvus albicollis,DL1182,3/2/2025,512,512,512,512
513,Cynomys ludovicianus,SA7873,12/28/2024,513,513,513,513
514,Eurocephalus anguitimens,AF3094,11/28/2024,514,514,514,514
515,Melursus ursinus,SQ2219,6/21/2025,515,515,515,515
516,Chelodina longicollis,AI5828,5/24/2025,516,516,516,516
517,Agama sp.,QF5089,11/30/2024,517,517,517,517
518,Dendrocygna viduata,LA2023,8/5/2025,518,518,518,518
519,Ramphastos tucanus,AC2119,11/1/2024,519,519,519,519
520,Diomedea irrorata,LA2548,5/7/2025,520,520,520,520
521,Acridotheres tristis,ET2018,10/6/2024,521,521,521,521
522,Dasyurus viverrinus,BA6869,9/9/2024,522,522,522,522
523,Phasianus colchicus,QR7949,2/4/2025,523,523,523,523
524,Priodontes maximus,NZ1572,2/6/2025,524,524,524,524
525,Myiarchus tuberculifer,AA3879,10/12/2024,525,525,525,525
526,Canis latrans,QF8287,8/3/2025,526,526,526,526
527,unavailable,IB3864,9/26/2024,527,527,527,527
528,Amphibolurus barbatus,DL8642,1/18/2025,528,528,528,528
529,Ciconia ciconia,AA2833,12/8/2024,529,529,529,529
530,Acrobates pygmaeus,TG8145,8/19/2024,530,530,530,530
531,Dicrostonyx groenlandicus,AV5838,9/27/2024,531,531,531,531
532,Potos flavus,LA9565,10/4/2024,532,532,532,532
533,Galictis vittata,CX3807,3/11/2025,533,533,533,533
534,Paradoxurus hermaphroditus,AI1813,7/3/2025,534,534,534,534
535,Tockus erythrorhyncus,AM2515,5/9/2025,535,535,535,535
536,Meleagris gallopavo,ET1504,8/4/2025,536,536,536,536
537,Ploceus rubiginosus,QR7445,7/1/2025,537,537,537,537
538,Sciurus vulgaris,IB8620,7/3/2025,538,538,538,538
539,Myrmecophaga tridactyla,NH4329,6/3/2025,539,539,539,539
540,Felis concolor,BA5838,10/15/2024,540,540,540,540
541,Alopex lagopus,AF4293,7/6/2025,541,541,541,541
542,Tockus flavirostris,LH6645,5/29/2025,542,542,542,542
543,Oreamnos americanus,AC9211,12/8/2024,543,543,543,543
544,Dicrostonyx groenlandicus,KE3360,5/18/2025,544,544,544,544
545,Pavo cristatus,SA5382,11/29/2024,545,545,545,545
546,Eurocephalus anguitimens,AA1670,7/17/2025,546,546,546,546
547,Amblyrhynchus cristatus,LA4585,3/14/2025,547,547,547,547
548,Alectura lathami,NH1605,7/10/2025,548,548,548,548
549,Macaca mulatta,AI2273,5/23/2025,549,549,549,549
550,Vulpes vulpes,SA4231,8/3/2025,550,550,550,550
551,Ephippiorhynchus mycteria,UA4046,3/2/2025,551,551,551,551
552,Petaurus norfolcensis,EK9924,11/13/2024,552,552,552,552
553,Ratufa indica,TG2002,1/8/2025,553,553,553,553
554,Tadorna tadorna,NZ4558,8/4/2025,554,554,554,554
555,Turtur chalcospilos,QF8880,8/31/2024,555,555,555,555
556,Ctenophorus ornatus,UA3041,2/21/2025,556,556,556,556
557,Aquila chrysaetos,SQ9526,9/29/2024,557,557,557,557
558,Anastomus oscitans,AI4678,4/4/2025,558,558,558,558
559,Colaptes campestroides,SA5902,8/6/2025,559,559,559,559
560,Sterna paradisaea,AV9155,9/15/2024,560,560,560,560
561,Bubalus arnee,AI8986,5/27/2025,561,561,561,561
562,Bassariscus astutus,SK5076,7/3/2025,562,562,562,562
563,Phalaropus fulicarius,EK2243,12/6/2024,563,563,563,563
564,Cervus elaphus,BA1044,2/1/2025,564,564,564,564
565,Phylurus milli,ET1969,5/8/2025,565,565,565,565
566,Eremophila alpestris,AF3201,10/12/2024,566,566,566,566
567,Boa caninus,DL1117,9/22/2024,567,567,567,567
568,Meles meles,SA1444,9/19/2024,568,568,568,568
569,Cochlearius cochlearius,IB1352,10/31/2024,569,569,569,569
570,Kobus leche robertsi,SK3298,2/26/2025,570,570,570,570
571,Eurocephalus anguitimens,TG6258,3/20/2025,571,571,571,571
572,Sylvilagus floridanus,LA1090,6/12/2025,572,572,572,572
573,Kobus defassa,AC9578,2/14/2025,573,573,573,573
574,Phoca vitulina,AZ9564,4/14/2025,574,574,574,574
575,Macropus robustus,AI4621,7/31/2025,575,575,575,575
576,Hippotragus niger,LH7175,4/2/2025,576,576,576,576
577,Crotalus adamanteus,AM3262,5/4/2025,577,577,577,577
578,Geococcyx californianus,SK2512,9/18/2024,578,578,578,578
579,Sarkidornis melanotos,TG5187,4/1/2025,579,579,579,579
580,Ctenophorus ornatus,TG9224,12/22/2024,580,580,580,580
581,Meles meles,AV9464,4/25/2025,581,581,581,581
582,Castor fiber,SQ9336,3/14/2025,582,582,582,582
583,Genetta genetta,LH2007,8/2/2025,583,583,583,583
584,Ploceus intermedius,DL1787,1/25/2025,584,584,584,584
585,Ceratotherium simum,KE4587,12/6/2024,585,585,585,585
586,Buteo galapagoensis,AZ1593,6/23/2025,586,586,586,586
587,Egretta thula,AC9578,11/21/2024,587,587,587,587
588,Spermophilus tridecemlineatus,SA2680,12/14/2024,588,588,588,588
589,Coluber constrictor,BA9148,6/30/2025,589,589,589,589
590,Dasypus novemcinctus,SA7834,8/7/2025,590,590,590,590
591,Butorides striatus,DL7492,2/23/2025,591,591,591,591
592,Eurocephalus anguitimens,NZ4335,4/10/2025,592,592,592,592
593,Perameles nasuta,SQ9977,7/17/2025,593,593,593,593
594,Tursiops truncatus,KE1526,1/6/2025,594,594,594,594
595,unavailable,SA5186,2/15/2025,595,595,595,595
596,Milvago chimachima,WN9446,9/4/2024,596,596,596,596
597,Phoca vitulina,CX1254,4/26/2025,597,597,597,597
598,Nesomimus trifasciatus,LA3771,8/12/2024,598,598,598,598
599,Dasypus novemcinctus,NZ7379,9/1/2024,599,599,599,599
600,Bison bison,SK5076,9/5/2024,600,600,600,600
601,Cereopsis novaehollandiae,ET2023,5/5/2025,601,601,601,601
602,Potorous tridactylus,SQ8334,2/5/2025,602,602,602,602
603,Eubalaena australis,LH8821,10/5/2024,603,603,603,603
604,Carphophis sp.,AC5532,12/25/2024,604,604,604,604
605,Marmota flaviventris,AA1003,4/17/2025,605,605,605,605
606,Crotaphytus collaris,EK2258,12/17/2024,606,606,606,606
607,Hyaena brunnea,SA2730,1/17/2025,607,607,607,607
608,Tayassu tajacu,SK2256,1/26/2025,608,608,608,608
609,Larus fuliginosus,SA7016,9/23/2024,609,609,609,609
610,Stercorarius longicausus,AA7865,2/19/2025,610,610,610,610
611,Falco peregrinus,NZ4073,8/13/2024,611,611,611,611
612,Anas bahamensis,BA7761,8/24/2024,612,612,612,612
613,Anastomus oscitans,AZ9450,2/25/2025,613,613,613,613
614,Plocepasser mahali,CX1145,9/26/2024,614,614,614,614
615,Aonyx capensis,AF4268,7/25/2025,615,615,615,615
616,Tockus erythrorhyncus,BA6603,5/7/2025,616,616,616,616
617,Plegadis ridgwayi,BA1547,3/29/2025,617,617,617,617
618,Echimys chrysurus,SK2247,1/6/2025,618,618,618,618
619,Trichosurus vulpecula,UA5308,5/9/2025,619,619,619,619
620,Megaderma spasma,AI4455,9/19/2024,620,620,620,620
621,Cyrtodactylus louisiadensis,TG4618,9/20/2024,621,621,621,621
622,Cacatua tenuirostris,AA3818,3/8/2025,622,622,622,622
623,Acinynox jubatus,AA1215,10/25/2024,623,623,623,623
624,Myotis lucifugus,CX1465,4/23/2025,624,624,624,624
625,Anser caerulescens,UA8281,4/15/2025,625,625,625,625
626,Plegadis ridgwayi,WN3907,2/16/2025,626,626,626,626
627,Pavo cristatus,NH2713,12/15/2024,627,627,627,627
628,Madoqua kirkii,IB3853,8/15/2024,628,628,628,628
629,Mycteria ibis,AA7570,9/7/2024,629,629,629,629
630,Colobus guerza,AA4065,2/11/2025,630,630,630,630
631,Damaliscus lunatus,AA2932,9/28/2024,631,631,631,631
632,Neotis denhami,AF8764,9/21/2024,632,632,632,632
633,Manouria emys,LH7681,7/31/2025,633,633,633,633
634,Ceryle rudis,KE3818,4/11/2025,634,634,634,634
635,Phoenicopterus ruber,QR9885,1/25/2025,635,635,635,635
636,Globicephala melas,IB3260,3/31/2025,636,636,636,636
637,Coluber constrictor,AM9674,7/26/2025,637,637,637,637
638,Callipepla gambelii,TG6065,12/3/2024,638,638,638,638
639,Podargus strigoides,LH2509,2/20/2025,639,639,639,639
640,Mycteria ibis,KL3724,2/9/2025,640,640,640,640
641,Felis caracal,AC7380,11/4/2024,641,641,641,641
642,Haliaetus leucogaster,AV5838,5/16/2025,642,642,642,642
643,Himantopus himantopus,ET6816,12/20/2024,643,643,643,643
644,Paroaria gularis,AI9055,11/27/2024,644,644,644,644
645,Dipodomys deserti,NZ2181,1/17/2025,645,645,645,645
646,Papio cynocephalus,AC4523,9/17/2024,646,646,646,646
647,Galago crassicaudataus,AV2822,11/20/2024,647,647,647,647
648,Ardea golieth,TG6220,10/27/2024,648,648,648,648
649,Epicrates cenchria maurus,AV4715,3/23/2025,649,649,649,649
650,Myrmecophaga tridactyla,BA8146,6/9/2025,650,650,650,650
651,Larus fuliginosus,CX9238,12/26/2024,651,651,651,651
652,Creagrus furcatus,LH1926,9/19/2024,652,652,652,652
653,Sylvicapra grimma,LH3400,6/6/2025,653,653,653,653
654,Epicrates cenchria maurus,TG7029,10/27/2024,654,654,654,654
655,Echimys chrysurus,AM2018,9/15/2024,655,655,655,655
656,Amblyrhynchus cristatus,AZ6367,4/2/2025,656,656,656,656
657,Haematopus ater,AA6647,9/15/2024,657,657,657,657
658,Hyaena hyaena,LH8063,2/21/2025,658,658,658,658
659,Panthera leo persica,NH4238,6/7/2025,659,659,659,659
660,Ratufa indica,AA6647,10/6/2024,660,660,660,660
661,Ramphastos tucanus,ET6681,7/4/2025,661,661,661,661
662,Fratercula corniculata,NZ3861,7/27/2025,662,662,662,662
663,Macropus robustus,AV4964,10/3/2024,663,663,663,663
664,Chordeiles minor,NH5280,12/29/2024,664,664,664,664
665,Equus hemionus,NZ5033,1/9/2025,665,665,665,665
666,Macropus agilis,QR8304,2/5/2025,666,666,666,666
667,Centrocercus urophasianus,KE6004,11/1/2024,667,667,667,667
668,Gyps fulvus,AA6867,2/4/2025,668,668,668,668
669,Falco mexicanus,KE6091,1/20/2025,669,669,669,669
670,Ovis canadensis,EK3314,5/27/2025,670,670,670,670
671,Melursus ursinus,AC9578,8/12/2024,671,671,671,671
672,Casmerodius albus,EK9410,6/5/2025,672,672,672,672
673,Dicrostonyx groenlandicus,KL8666,11/7/2024,673,673,673,673
674,Phoenicopterus ruber,TG6607,6/21/2025,674,674,674,674
675,Cercatetus concinnus,KE6046,1/26/2025,675,675,675,675
676,Leptoptilus dubius,IB8156,9/13/2024,676,676,676,676
677,Uraeginthus granatina,CX5757,11/3/2024,677,677,677,677
678,Zenaida asiatica,NZ2117,3/4/2025,678,678,678,678
679,Bugeranus caruncalatus,AV3966,12/23/2024,679,679,679,679
680,Macropus eugenii,DL3726,6/13/2025,680,680,680,680
681,Bassariscus astutus,SA8880,11/25/2024,681,681,681,681
682,Tachyglossus aculeatus,BA2399,8/12/2024,682,682,682,682
683,Lepus arcticus,SA8537,4/26/2025,683,683,683,683
684,Ara ararauna,EK8700,6/16/2025,684,684,684,684
685,Bugeranus caruncalatus,SA8464,9/12/2024,685,685,685,685
686,Marmota flaviventris,QR9946,11/20/2024,686,686,686,686
687,Notechis semmiannulatus,AI9401,8/11/2024,687,687,687,687
688,Centrocercus urophasianus,AC2616,1/1/2025,688,688,688,688
689,Oryx gazella callotis,AV3592,9/22/2024,689,689,689,689
690,Neotis denhami,TG6736,2/23/2025,690,690,690,690
691,Phoenicopterus ruber,TG3813,1/30/2025,691,691,691,691
692,Potamochoerus porcus,AF4644,12/4/2024,692,692,692,692
693,Eutamias minimus,SK7103,11/29/2024,693,693,693,693
694,Ovis canadensis,LA1659,1/14/2025,694,694,694,694
695,Aonyx cinerea,LA5103,2/23/2025,695,695,695,695
696,Antidorcas marsupialis,SQ6766,7/2/2025,696,696,696,696
697,Geococcyx californianus,QR2001,1/8/2025,697,697,697,697
698,Cordylus giganteus,AI5059,1/4/2025,698,698,698,698
699,unavailable,QR5659,12/2/2024,699,699,699,699
700,Coluber constrictor,SQ8074,9/27/2024,700,700,700,700
701,Proteles cristatus,AZ4787,3/7/2025,701,701,701,701
702,Genetta genetta,BA1520,3/25/2025,702,702,702,702
703,Bubalus arnee,NH9577,5/14/2025,703,703,703,703
704,Cacatua tenuirostris,BA2359,9/10/2024,704,704,704,704
705,Mellivora capensis,QF2150,9/21/2024,705,705,705,705
706,Myotis lucifugus,AZ5063,5/15/2025,706,706,706,706
707,Libellula quadrimaculata,AC5741,9/5/2024,707,707,707,707
708,Sarkidornis melanotos,AV5985,2/13/2025,708,708,708,708
709,Mirounga angustirostris,ET1697,6/14/2025,709,709,709,709
710,Zalophus californicus,UA6785,7/15/2025,710,710,710,710
711,unavailable,ET5694,7/16/2025,711,711,711,711
712,Hyaena hyaena,EK3314,8/12/2024,712,712,712,712
713,Felis yagouaroundi,AF8946,7/9/2025,713,713,713,713
714,Myrmecophaga tridactyla,BA8723,1/30/2025,714,714,714,714
715,Cereopsis novaehollandiae,QR2850,12/19/2024,715,715,715,715
716,Sylvicapra grimma,LH4339,8/16/2024,716,716,716,716
717,Neophron percnopterus,IB8190,11/16/2024,717,717,717,717
718,Carduelis uropygialis,EK1492,4/12/2025,718,718,718,718
719,Diomedea irrorata,TG6876,5/21/2025,719,719,719,719
720,Alopex lagopus,DL2865,10/27/2024,720,720,720,720
721,Spermophilus tridecemlineatus,AI5363,12/25/2024,721,721,721,721
722,Macaca nemestrina,SK5012,3/10/2025,722,722,722,722
723,Gymnorhina tibicen,AC2363,8/9/2025,723,723,723,723
724,Macropus eugenii,EK2269,5/20/2025,724,724,724,724
725,Hystrix cristata,AF9468,4/7/2025,725,725,725,725
726,Cracticus nigroagularis,LA5369,3/29/2025,726,726,726,726
727,Oryx gazella,NH1373,9/13/2024,727,727,727,727
728,Laniarius ferrugineus,CX6773,3/8/2025,728,728,728,728
729,Nectarinia chalybea,SQ6672,6/27/2025,729,729,729,729
730,Lepus townsendii,AF2465,7/27/2025,730,730,730,730
731,Otaria flavescens,NZ8863,8/5/2025,731,731,731,731
732,Ctenophorus ornatus,AV4476,2/14/2025,732,732,732,732
733,Paroaria gularis,LA3827,10/1/2024,733,733,733,733
734,Eumetopias jubatus,AA6083,12/25/2024,734,734,734,734
735,Dasypus septemcincus,AI5401,1/21/2025,735,735,735,735
736,Bubalus arnee,LH6904,2/28/2025,736,736,736,736
737,Colaptes campestroides,EK9741,2/9/2025,737,737,737,737
738,Bassariscus astutus,ET9810,9/26/2024,738,738,738,738
739,Isoodon obesulus,WN9336,7/13/2025,739,739,739,739
740,Pseudocheirus peregrinus,EK9373,10/12/2024,740,740,740,740
741,Ara chloroptera,ET4536,2/6/2025,741,741,741,741
742,Iguana iguana,AI8840,12/13/2024,742,742,742,742
743,Tamiasciurus hudsonicus,KE2908,6/3/2025,743,743,743,743
744,Limnocorax flavirostra,CX6106,7/15/2025,744,744,744,744
745,Macropus agilis,AC2767,11/27/2024,745,745,745,745
746,Spheniscus magellanicus,KE5284,9/1/2024,746,746,746,746
747,Francolinus swainsonii,BA2318,5/2/2025,747,747,747,747
748,Colobus guerza,ET5547,12/25/2024,748,748,748,748
749,Mungos mungo,CX3703,4/18/2025,749,749,749,749
750,Morelia spilotes variegata,AZ2467,6/23/2025,750,750,750,750
751,Aonyx capensis,KL4284,7/4/2025,751,751,751,751
752,Mazama gouazoubira,LH3012,10/14/2024,752,752,752,752
753,Hystrix cristata,LH7040,2/24/2025,753,753,753,753
754,Microcebus murinus,NZ7696,8/3/2025,754,754,754,754
755,Galictis vittata,QF5020,9/15/2024,755,755,755,755
756,Dasyurus viverrinus,LA7557,12/21/2024,756,756,756,756
757,Haliaeetus leucoryphus,AF8357,11/19/2024,757,757,757,757
758,Felis concolor,QF3006,8/16/2024,758,758,758,758
759,Diceros bicornis,NH4262,11/19/2024,759,759,759,759
760,Oryx gazella,AA3263,9/29/2024,760,760,760,760
761,Pavo cristatus,EK6651,6/21/2025,761,761,761,761
762,Chlidonias leucopterus,WN4295,11/13/2024,762,762,762,762
763,Tachybaptus ruficollis,NZ5165,2/15/2025,763,763,763,763
764,Zenaida asiatica,TG8197,11/3/2024,764,764,764,764
765,Phoca vitulina,SQ4965,5/24/2025,765,765,765,765
766,Dicrurus adsimilis,UA9630,1/21/2025,766,766,766,766
767,Francolinus coqui,NZ8627,7/11/2025,767,767,767,767
768,Macaca mulatta,KE9893,2/2/2025,768,768,768,768
769,Lorythaixoides concolor,LA4744,8/16/2024,769,769,769,769
770,Tapirus terrestris,QF1128,8/9/2025,770,770,770,770
771,Eolophus roseicapillus,KL3949,1/28/2025,771,771,771,771
772,Gabianus pacificus,ET2308,8/5/2025,772,772,772,772
773,Thylogale stigmatica,AM6852,5/28/2025,773,773,773,773
774,Corvus albus,ET1457,5/4/2025,774,774,774,774
775,Smithopsis crassicaudata,SA4500,1/8/2025,775,775,775,775
776,Boselaphus tragocamelus,SQ8339,9/8/2024,776,776,776,776
777,Pytilia melba,SA8119,9/9/2024,777,777,777,777
778,Chordeiles minor,QR2285,9/6/2024,778,778,778,778
779,Hyaena brunnea,BA5112,6/17/2025,779,779,779,779
780,Dasypus septemcincus,NH3133,7/14/2025,780,780,780,780
781,Ratufa indica,AF7015,11/8/2024,781,781,781,781
782,Bubalornis niger,SK6738,10/17/2024,782,782,782,782
783,Aonyx capensis,SA5382,11/9/2024,783,783,783,783
784,Plegadis falcinellus,IB3208,2/25/2025,784,784,784,784
785,Capreolus capreolus,AM5247,10/30/2024,785,785,785,785
786,Chelodina longicollis,NH1524,8/7/2025,786,786,786,786
787,Agelaius phoeniceus,AV5663,1/15/2025,787,787,787,787
788,Pteronura brasiliensis,LH8191,5/10/2025,788,788,788,788
789,Gyps fulvus,AA4011,5/23/2025,789,789,789,789
790,Platalea leucordia,ET8204,3/17/2025,790,790,790,790
791,Tadorna tadorna,ET7394,7/9/2025,791,791,791,791
792,Stenella coeruleoalba,LA7812,5/19/2025,792,792,792,792
793,Psophia viridis,AV9052,9/28/2024,793,793,793,793
794,Geochelone elegans,DL6443,4/3/2025,794,794,794,794
795,Litrocranius walleri,QR9095,10/29/2024,795,795,795,795
796,Heloderma horridum,AZ3199,5/9/2025,796,796,796,796
797,Neotis denhami,NH1353,9/5/2024,797,797,797,797
798,Phalaropus fulicarius,QR5364,8/4/2025,798,798,798,798
799,Zalophus californicus,NH3213,11/7/2024,799,799,799,799
800,Streptopelia decipiens,TG9555,8/9/2025,800,800,800,800
801,Felis serval,CX5046,2/16/2025,801,801,801,801
802,Varanus komodensis,UA7107,9/2/2024,802,802,802,802
803,Otocyon megalotis,KE5048,9/17/2024,803,803,803,803
804,Madoqua kirkii,AA2638,4/21/2025,804,804,804,804
805,Eumetopias jubatus,SA4862,9/26/2024,805,805,805,805
806,Zosterops pallidus,KE5284,5/13/2025,806,806,806,806
807,Macropus robustus,SQ3948,7/31/2025,807,807,807,807
808,Macropus parryi,KE5476,10/27/2024,808,808,808,808
809,Damaliscus lunatus,TG6898,6/23/2025,809,809,809,809
810,Coendou prehensilis,WN6482,12/10/2024,810,810,810,810
811,Rhabdomys pumilio,AM8806,9/30/2024,811,811,811,811
812,Ratufa indica,AZ5907,5/26/2025,812,812,812,812
813,Phalacrocorax carbo,ET2023,11/1/2024,813,813,813,813
814,Sylvilagus floridanus,AZ2669,6/27/2025,814,814,814,814
815,Caiman crocodilus,BA4592,12/7/2024,815,815,815,815
816,Neotis denhami,AZ2658,2/7/2025,816,816,816,816
817,Corvus brachyrhynchos,LH5923,2/9/2025,817,817,817,817
818,Zenaida asiatica,WN3567,1/2/2025,818,818,818,818
819,Macropus parryi,NZ9485,5/1/2025,819,819,819,819
820,Rhea americana,WN8596,6/14/2025,820,820,820,820
821,Larus novaehollandiae,DL3339,12/7/2024,821,821,821,821
822,Spizaetus coronatus,NZ1707,2/2/2025,822,822,822,822
823,Myotis lucifugus,AI6681,3/31/2025,823,823,823,823
824,Sula dactylatra,AV6517,5/17/2025,824,824,824,824
825,Phoeniconaias minor,BA4649,5/10/2025,825,825,825,825
826,Ctenophorus ornatus,NZ5033,8/15/2024,826,826,826,826
827,Cacatua galerita,NZ9634,7/16/2025,827,827,827,827
828,Tetracerus quadricornis,CX7797,12/3/2024,828,828,828,828
829,Bugeranus caruncalatus,SQ5275,3/14/2025,829,829,829,829
830,Echimys chrysurus,NH2223,9/15/2024,830,830,830,830
831,Loxodonta africana,IB7148,10/28/2024,831,831,831,831
832,Chelodina longicollis,LA9846,2/16/2025,832,832,832,832
833,Connochaetus taurinus,LA7890,2/6/2025,833,833,833,833
834,Tiliqua scincoides,TG7432,4/19/2025,834,834,834,834
835,Cathartes aura,AA7154,2/16/2025,835,835,835,835
836,Trachyphonus vaillantii,UA1878,2/14/2025,836,836,836,836
837,Canis aureus,KL4943,10/17/2024,837,837,837,837
838,Cordylus giganteus,AI5189,9/16/2024,838,838,838,838
839,Mycteria leucocephala,LA1017,12/29/2024,839,839,839,839
840,Vanessa indica,AA2935,7/9/2025,840,840,840,840
841,Struthio camelus,AI6621,8/1/2025,841,841,841,841
842,Eurocephalus anguitimens,AI2923,2/6/2025,842,842,842,842
843,Coluber constrictor,EK9785,8/26/2024,843,843,843,843
844,Phalacrocorax carbo,NH6079,1/26/2025,844,844,844,844
845,Coluber constrictor,NZ1218,12/29/2024,845,845,845,845
846,unavailable,LH2110,5/15/2025,846,846,846,846
847,Uraeginthus granatina,NZ9726,11/3/2024,847,847,847,847
848,Hystrix indica,AA4087,9/13/2024,848,848,848,848
849,Cynictis penicillata,IB9152,10/14/2024,849,849,849,849
850,unavailable,NZ6947,1/2/2025,850,850,850,850
851,Felis silvestris lybica,QF7187,9/2/2024,851,851,851,851
852,Spermophilus tridecemlineatus,EK3612,4/20/2025,852,852,852,852
853,Eutamias minimus,QF9225,4/22/2025,853,853,853,853
854,Phalacrocorax varius,AF2783,8/9/2025,854,854,854,854
855,Bucephala clangula,AZ9026,10/22/2024,855,855,855,855
856,Hymenolaimus malacorhynchus,EK7150,6/2/2025,856,856,856,856
857,Acrantophis madagascariensis,DL2537,1/24/2025,857,857,857,857
858,Funambulus pennati,SA5035,8/3/2025,858,858,858,858
859,Macaca nemestrina,KE5277,2/13/2025,859,859,859,859
860,Acrantophis madagascariensis,BA2399,2/2/2025,860,860,860,860
861,Crocuta crocuta,AF2705,7/23/2025,861,861,861,861
862,Phalacrocorax varius,ET6816,7/11/2025,862,862,862,862
863,Prionace glauca,AA4866,1/25/2025,863,863,863,863
864,Naja haje,CX8812,5/19/2025,864,864,864,864
865,Cereopsis novaehollandiae,AA8666,11/9/2024,865,865,865,865
866,Hymenolaimus malacorhynchus,AC3869,11/6/2024,866,866,866,866
867,Taurotagus oryx,DL9109,2/22/2025,867,867,867,867
868,Eudyptula minor,SK4970,5/11/2025,868,868,868,868
869,Suricata suricatta,QR2379,2/25/2025,869,869,869,869
870,Chlamydosaurus kingii,NZ8951,5/6/2025,870,870,870,870
871,Myrmecophaga tridactyla,WN2783,1/4/2025,871,871,871,871
872,Charadrius tricollaris,AV9505,11/26/2024,872,872,872,872
873,Dendrocitta vagabunda,TG3255,1/10/2025,873,873,873,873
874,Echimys chrysurus,LA2023,10/16/2024,874,874,874,874
875,Zosterops pallidus,CX4626,1/8/2025,875,875,875,875
876,Panthera onca,LH2110,7/30/2025,876,876,876,876
877,Odocoileus hemionus,BA6693,10/23/2024,877,877,877,877
878,Crotalus adamanteus,AV1168,8/20/2024,878,878,878,878
879,Melophus lathami,QR5358,12/10/2024,879,879,879,879
880,Ploceus intermedius,CX4795,11/10/2024,880,880,880,880
881,Cordylus giganteus,AZ5926,11/24/2024,881,881,881,881
882,Bucorvus leadbeateri,SK5355,8/4/2025,882,882,882,882
883,Cynomys ludovicianus,SA6084,12/12/2024,883,883,883,883
884,Canis mesomelas,AA7759,2/9/2025,884,884,884,884
885,Oryx gazella,AM4189,7/15/2025,885,885,885,885
886,Pycnonotus barbatus,CX4991,5/8/2025,886,886,886,886
887,Gyps fulvus,DL8128,10/21/2024,887,887,887,887
888,Notechis semmiannulatus,AV6783,5/13/2025,888,888,888,888
889,Gyps bengalensis,SA2287,4/30/2025,889,889,889,889
890,Cebus apella,IB3411,5/28/2025,890,890,890,890
891,Manouria emys,QR5172,9/28/2024,891,891,891,891
892,Mazama gouazoubira,DL4294,9/5/2024,892,892,892,892
893,Papio cynocephalus,IB3737,4/3/2025,893,893,893,893
894,Felis concolor,KL8406,1/2/2025,894,894,894,894
895,Ceryle rudis,IB2817,7/10/2025,895,895,895,895
896,Bubo virginianus,DL4362,12/8/2024,896,896,896,896
897,Bradypus tridactylus,UA1609,1/6/2025,897,897,897,897
898,Ara ararauna,AA6594,3/17/2025,898,898,898,898
899,Dipodomys deserti,IB5919,1/16/2025,899,899,899,899
900,Dasypus novemcinctus,AC3888,4/5/2025,900,900,900,900
901,Felis pardalis,QF2099,5/29/2025,901,901,901,901
902,Laniarius ferrugineus,DL1739,4/18/2025,902,902,902,902
903,Corvus albus,LH9806,6/2/2025,903,903,903,903
904,Naja haje,IB3698,5/23/2025,904,904,904,904
905,Gabianus pacificus,KL2424,10/4/2024,905,905,905,905
906,Macropus giganteus,SQ4474,9/13/2024,906,906,906,906
907,Physignathus cocincinus,AF3264,11/16/2024,907,907,907,907
908,Macropus rufus,AZ4838,10/22/2024,908,908,908,908
909,Redunca redunca,AC5159,11/27/2024,909,909,909,909
910,Spermophilus richardsonii,QF7760,12/1/2024,910,910,910,910
911,Sauromalus obesus,AZ4564,6/23/2025,911,911,911,911
912,Lorythaixoides concolor,WN5918,12/21/2024,912,912,912,912
913,Leptoptilos crumeniferus,AC8159,6/27/2025,913,913,913,913
914,Pelecanus occidentalis,WN6462,8/17/2024,914,914,914,914
915,Mustela nigripes,SK7657,7/16/2025,915,915,915,915
916,Callorhinus ursinus,AM3516,8/6/2025,916,916,916,916
917,Cebus albifrons,SA5934,7/15/2025,917,917,917,917
918,Estrilda erythronotos,AI4651,9/16/2024,918,918,918,918
919,Lamprotornis chalybaeus,QR1240,6/9/2025,919,919,919,919
920,Sagittarius serpentarius,NH2177,1/25/2025,920,920,920,920
921,Terrapene carolina,QF2881,11/11/2024,921,921,921,921
922,Naja nivea,AV3025,10/5/2024,922,922,922,922
923,Agkistrodon piscivorus,LH5074,5/15/2025,923,923,923,923
924,Pelecans onocratalus,WN4981,12/21/2024,924,924,924,924
925,Dusicyon thous,SK9521,1/26/2025,925,925,925,925
926,Loxodonta africana,AF8307,11/2/2024,926,926,926,926
927,Nucifraga columbiana,EK2258,9/9/2024,927,927,927,927
928,Vicugna vicugna,LA3180,7/11/2025,928,928,928,928
929,Ploceus rubiginosus,QR6450,1/29/2025,929,929,929,929
930,Pitangus sulphuratus,SQ8523,10/5/2024,930,930,930,930
931,Pedetes capensis,KE5966,12/5/2024,931,931,931,931
932,Neotis denhami,LA3944,8/17/2024,932,932,932,932
933,Paroaria gularis,BA3826,12/10/2024,933,933,933,933
934,Macropus giganteus,KE2503,2/23/2025,934,934,934,934
935,Canis mesomelas,AI6793,5/15/2025,935,935,935,935
936,unavailable,KL7602,3/6/2025,936,936,936,936
937,Cebus apella,SA2417,9/21/2024,937,937,937,937
938,Dasypus novemcinctus,UA3319,11/17/2024,938,938,938,938
939,Antilope cervicapra,KL4860,9/16/2024,939,939,939,939
940,Chloephaga melanoptera,UA6826,9/28/2024,940,940,940,940
941,Balearica pavonina,IB3862,11/23/2024,941,941,941,941
942,Ctenophorus ornatus,WN2998,6/12/2025,942,942,942,942
943,Caiman crocodilus,NH2315,11/9/2024,943,943,943,943
944,Eolophus roseicapillus,AZ2796,9/22/2024,944,944,944,944
945,Bubo virginianus,QF2974,8/5/2025,945,945,945,945
946,Ictonyx striatus,DL5422,5/5/2025,946,946,946,946
947,Panthera tigris,NZ6683,4/7/2025,947,947,947,947
948,Larus sp.,SK9394,12/25/2024,948,948,948,948
949,Platalea leucordia,TG7509,7/21/2025,949,949,949,949
950,Bassariscus astutus,SA5364,3/26/2025,950,950,950,950
951,Branta canadensis,AV6740,3/20/2025,951,951,951,951
952,Smithopsis crassicaudata,CX9545,9/4/2024,952,952,952,952
953,Papio ursinus,KE3098,9/18/2024,953,953,953,953
954,Loxodonta africana,AM5384,10/11/2024,954,954,954,954
955,Gazella thompsonii,EK3787,4/24/2025,955,955,955,955
956,Odocoileus hemionus,AV8487,8/16/2024,956,956,956,956
957,Oncorhynchus nerka,AZ2844,11/28/2024,957,957,957,957
958,Chauna torquata,IB8185,8/26/2024,958,958,958,958
959,Marmota flaviventris,LH8065,7/15/2025,959,959,959,959
960,Merops sp.,EK9536,10/31/2024,960,960,960,960
961,Anastomus oscitans,TG6006,3/18/2025,961,961,961,961
962,Geochelone radiata,WN1167,5/4/2025,962,962,962,962
963,Nycticorax nycticorax,AF3301,1/4/2025,963,963,963,963
964,Acrantophis madagascariensis,AM5718,7/12/2025,964,964,964,964
965,Eunectes sp.,QF4544,5/9/2025,965,965,965,965
966,Uraeginthus granatina,IB4198,12/16/2024,966,966,966,966
967,Antidorcas marsupialis,AI1298,5/1/2025,967,967,967,967
968,Pseudalopex gymnocercus,SA8035,7/24/2025,968,968,968,968
969,Cynomys ludovicianus,SA2695,11/13/2024,969,969,969,969
970,Leipoa ocellata,SA2638,11/5/2024,970,970,970,970
971,Pseudocheirus peregrinus,QF6361,7/25/2025,971,971,971,971
972,Proteles cristatus,TG9872,1/5/2025,972,972,972,972
973,Felis caracal,NZ3584,3/30/2025,973,973,973,973
974,Tamandua tetradactyla,LH9130,7/28/2025,974,974,974,974
975,Pycnonotus nigricans,AZ4247,8/14/2024,975,975,975,975
976,Carduelis uropygialis,UA4433,4/28/2025,976,976,976,976
977,Taurotagus oryx,AC5199,3/27/2025,977,977,977,977
978,Merops nubicus,AV4168,12/10/2024,978,978,978,978
979,Microcavia australis,KL2024,1/8/2025,979,979,979,979
980,Lamprotornis superbus,LH7299,2/27/2025,980,980,980,980
981,Bubalus arnee,SA3924,2/19/2025,981,981,981,981
982,Bubulcus ibis,AV4108,1/19/2025,982,982,982,982
983,Spermophilus tridecemlineatus,SQ2917,9/27/2024,983,983,983,983
984,Falco peregrinus,BA9466,7/24/2025,984,984,984,984
985,Acrobates pygmaeus,TG7204,2/1/2025,985,985,985,985
986,Columba livia,SQ2544,6/30/2025,986,986,986,986
987,Elephas maximus bengalensis,SA6127,4/12/2025,987,987,987,987
988,Galictis vittata,QF3681,6/29/2025,988,988,988,988
989,Propithecus verreauxi,EK6905,5/10/2025,989,989,989,989
990,Phalacrocorax niger,AZ3832,5/8/2025,990,990,990,990
991,Redunca redunca,AI5828,8/16/2024,991,991,991,991
992,Meleagris gallopavo,NZ4290,3/31/2025,992,992,992,992
993,Canis mesomelas,QR4970,5/14/2025,993,993,993,993
994,Cacatua tenuirostris,ET4912,6/8/2025,994,994,994,994
995,Falco mexicanus,NH4813,9/27/2024,995,995,995,995
996,Bubalus arnee,WN5713,6/7/2025,996,996,996,996
997,Certotrichas paena,AZ4787,8/29/2024,997,997,997,997
998,Echimys chrysurus,SQ6860,11/25/2024,998,998,998,998
999,Coendou prehensilis,SA8349,10/26/2024,999,999,999,999
1000,Colobus guerza,DL1375,7/31/2025,1000,1000,1000,1000
