id,first_name
1,2025/07/23
2,2024/10/06
3,2025/02/04
4,2025/07/04
5,2025/01/12
6,2025/04/14
7,2025/08/19
8,2025/03/05
9,2024/12/27
10,2025/05/27
11,2025/08/07
12,2025/04/06
13,2025/02/19
14,2025/05/25
15,2025/02/11
16,2025/02/13
17,2024/10/19
18,2024/10/01
19,2025/05/20
20,2024/11/12
21,2025/02/15
22,2025/04/21
23,2025/06/16
24,2025/01/25
25,2025/06/26
26,2024/11/09
27,2025/04/19
28,2025/03/18
29,2025/04/12
30,2025/05/26
31,2024/12/15
32,2025/06/07
33,2025/07/07
34,2025/04/08
35,2024/12/11
36,2024/09/20
37,2025/04/17
38,2025/06/10
39,2025/01/05
40,2025/05/06
41,2025/05/04
42,2024/12/17
43,2024/12/17
44,2024/11/25
45,2024/11/03
46,2024/12/12
47,2025/04/13
48,2024/09/27
49,2025/04/03
50,2024/08/28
51,2025/08/08
52,2025/05/11
53,2025/06/29
54,2024/11/27
55,2025/06/13
56,2025/06/28
57,2025/06/11
58,2025/08/07
59,2025/01/15
60,2025/07/10
61,2025/02/13
62,2025/02/12
63,2025/05/07
64,2024/08/24
65,2025/08/06
66,2024/12/07
67,2025/04/10
68,2024/10/17
69,2025/06/18
70,2025/02/07
71,2024/09/01
72,2025/04/19
73,2024/09/09
74,2024/09/22
75,2025/08/20
76,2025/02/25
77,2024/10/18
78,2024/11/13
79,2024/09/13
80,2024/12/15
81,2025/07/23
82,2024/10/22
83,2025/05/26
84,2025/07/29
85,2025/02/08
86,2025/05/23
87,2025/02/22
88,2024/12/17
89,2024/09/15
90,2025/07/29
91,2025/01/04
92,2025/01/15
93,2025/07/23
94,2024/12/30
95,2025/03/05
96,2024/10/01
97,2025/05/30
98,2024/12/29
99,2025/07/27
100,2025/03/06
101,2025/04/01
102,2024/11/07
103,2025/02/11
104,2025/08/06
105,2024/10/04
106,2025/02/09
107,2024/09/12
108,2024/12/06
109,2025/01/24
110,2024/11/17
111,2024/12/08
112,2025/07/16
113,2025/05/05
114,2025/02/12
115,2024/10/30
116,2025/08/13
117,2024/12/19
118,2025/06/16
119,2025/05/19
120,2025/06/23
121,2025/03/17
122,2025/02/07
123,2025/02/20
124,2025/05/27
125,2025/04/26
126,2025/05/23
127,2024/12/26
128,2025/06/20
129,2024/10/20
130,2025/02/11
131,2025/02/22
132,2025/04/25
133,2025/07/13
134,2024/10/10
135,2024/12/18
136,2025/03/15
137,2024/09/15
138,2025/06/08
139,2025/01/14
140,2025/08/08
141,2025/04/20
142,2025/03/15
143,2025/02/06
144,2025/01/06
145,2025/06/30
146,2025/03/20
147,2024/10/21
148,2025/02/01
149,2024/10/28
150,2025/06/26
151,2025/07/18
152,2025/06/26
153,2025/08/01
154,2024/10/07
155,2024/09/17
156,2025/05/05
157,2024/08/31
158,2025/05/19
159,2025/04/22
160,2024/10/15
161,2024/09/10
162,2024/12/26
163,2025/06/03
164,2025/06/21
165,2024/12/10
166,2024/10/25
167,2024/12/11
168,2025/03/07
169,2025/05/03
170,2025/05/25
171,2025/04/28
172,2025/08/20
173,2024/11/04
174,2025/01/09
175,2025/04/19
176,2025/04/19
177,2025/08/19
178,2024/10/26
179,2024/12/10
180,2025/05/02
181,2025/06/10
182,2025/04/02
183,2025/07/17
184,2025/01/05
185,2025/05/25
186,2025/01/23
187,2024/09/17
188,2025/08/13
189,2024/11/21
190,2025/07/06
191,2025/03/05
192,2025/07/28
193,2024/09/26
194,2024/11/15
195,2025/02/27
196,2025/05/24
197,2024/09/05
198,2025/01/23
199,2025/06/26
200,2025/05/31
201,2025/01/25
202,2024/12/09
203,2025/06/04
204,2025/07/19
205,2025/02/19
206,2024/10/26
207,2024/09/02
208,2024/11/12
209,2025/05/03
210,2025/06/25
211,2025/03/20
212,2025/07/30
213,2025/02/21
214,2024/10/21
215,2025/08/10
216,2024/10/23
217,2025/02/24
218,2025/04/11
219,2025/08/15
220,2024/11/13
221,2024/12/24
222,2024/09/05
223,2025/05/14
224,2024/10/15
225,2025/07/27
226,2024/09/26
227,2025/03/14
228,2025/03/12
229,2024/11/17
230,2025/05/23
231,2025/06/21
232,2025/05/16
233,2024/09/01
234,2025/03/18
235,2025/01/30
236,2025/01/12
237,2024/11/27
238,2025/08/15
239,2025/05/30
240,2025/07/19
241,2025/03/08
242,2024/12/02
243,2025/02/26
244,2024/11/11
245,2025/02/19
246,2024/12/22
247,2024/09/30
248,2024/10/03
249,2024/11/14
250,2025/07/31
251,2024/10/01
252,2025/02/25
253,2025/03/11
254,2025/03/18
255,2025/03/14
256,2024/09/27
257,2024/11/08
258,2025/03/05
259,2024/12/23
260,2025/04/01
261,2024/12/12
262,2025/02/24
263,2025/03/08
264,2025/01/21
265,2024/12/06
266,2025/02/02
267,2025/06/04
268,2024/11/12
269,2025/03/23
270,2025/03/22
271,2025/02/12
272,2025/05/21
273,2024/11/03
274,2025/05/16
275,2024/11/13
276,2024/09/14
277,2025/05/14
278,2025/01/09
279,2025/06/19
280,2024/09/04
281,2024/10/23
282,2024/10/20
283,2025/03/14
284,2025/03/02
285,2025/03/03
286,2024/08/23
287,2024/11/16
288,2025/01/30
289,2024/08/31
290,2024/12/11
291,2024/10/24
292,2025/06/12
293,2024/09/13
294,2024/10/20
295,2025/08/04
296,2025/03/13
297,2024/12/07
298,2024/12/05
299,2025/07/18
300,2025/05/04
301,2024/12/23
302,2025/04/08
303,2025/06/27
304,2025/04/10
305,2025/02/05
306,2025/04/15
307,2024/12/04
308,2024/09/11
309,2024/08/23
310,2024/12/20
311,2024/10/23
312,2025/02/01
313,2025/02/02
314,2024/11/12
315,2025/03/22
316,2024/09/20
317,2024/09/16
318,2024/12/25
319,2024/12/28
320,2024/11/25
321,2025/05/25
322,2024/11/08
323,2025/02/22
324,2025/06/27
325,2024/11/26
326,2025/04/26
327,2025/04/20
328,2025/04/07
329,2025/01/05
330,2024/09/10
331,2025/06/18
332,2025/03/01
333,2024/12/06
334,2025/03/03
335,2025/05/25
336,2025/04/24
337,2025/03/30
338,2024/08/30
339,2025/03/29
340,2024/10/11
341,2025/05/19
342,2024/12/10
343,2025/07/22
344,2024/09/23
345,2025/02/07
346,2025/01/17
347,2025/03/19
348,2024/10/17
349,2025/05/16
350,2024/09/06
351,2025/04/19
352,2024/11/19
353,2025/01/08
354,2025/08/10
355,2025/08/10
356,2024/11/03
357,2025/03/08
358,2024/09/04
359,2024/12/08
360,2025/05/05
361,2025/08/11
362,2024/09/11
363,2025/02/12
364,2024/11/20
365,2025/06/20
366,2025/03/31
367,2024/08/23
368,2024/09/08
369,2025/03/24
370,2024/11/25
371,2024/08/28
372,2025/03/17
373,2025/03/23
374,2025/03/10
375,2024/12/12
376,2024/12/03
377,2024/11/10
378,2024/11/09
379,2025/07/28
380,2024/09/21
381,2025/06/03
382,2025/05/21
383,2024/12/03
384,2025/04/15
385,2024/09/02
386,2025/03/23
387,2024/10/09
388,2024/10/11
389,2025/07/02
390,2025/05/13
391,2024/10/16
392,2025/03/02
393,2024/09/24
394,2025/06/11
395,2024/08/31
396,2025/01/09
397,2025/06/01
398,2025/03/24
399,2025/05/21
400,2025/02/09
401,2025/04/12
402,2024/10/13
403,2025/01/11
404,2024/09/04
405,2024/09/15
406,2025/07/21
407,2024/09/17
408,2024/08/24
409,2024/10/09
410,2025/08/19
411,2025/05/30
412,2024/12/02
413,2024/12/03
414,2025/04/01
415,2024/10/27
416,2025/03/26
417,2025/02/09
418,2025/05/30
419,2025/05/17
420,2024/11/11
421,2024/10/24
422,2025/04/12
423,2025/06/22
424,2025/03/13
425,2024/09/05
426,2025/01/03
427,2025/01/13
428,2024/10/16
429,2024/10/29
430,2024/08/25
431,2025/03/09
432,2024/11/16
433,2024/11/14
434,2025/01/15
435,2025/03/04
436,2024/10/01
437,2024/10/21
438,2025/04/21
439,2025/05/02
440,2025/04/24
441,2025/04/20
442,2025/07/19
443,2024/10/06
444,2024/12/06
445,2024/11/29
446,2025/04/20
447,2025/03/30
448,2025/03/16
449,2025/06/27
450,2025/03/14
451,2025/05/29
452,2025/02/21
453,2025/07/16
454,2025/03/29
455,2024/11/07
456,2025/01/03
457,2024/08/24
458,2025/02/19
459,2024/11/21
460,2024/09/16
461,2024/11/29
462,2024/11/06
463,2025/03/24
464,2025/07/31
465,2025/06/07
466,2025/08/17
467,2025/06/21
468,2024/10/19
469,2024/11/23
470,2025/01/14
471,2024/12/12
472,2025/03/16
473,2025/05/19
474,2025/05/05
475,2025/03/16
476,2025/02/23
477,2024/11/10
478,2025/04/06
479,2025/05/26
480,2024/12/22
481,2025/04/23
482,2025/01/11
483,2025/06/19
484,2025/03/27
485,2025/03/23
486,2025/01/10
487,2025/06/09
488,2024/10/23
489,2025/03/17
490,2024/09/06
491,2024/11/04
492,2025/02/20
493,2025/04/16
494,2025/07/19
495,2025/01/09
496,2024/12/31
497,2025/05/21
498,2024/09/09
499,2025/03/10
500,2024/09/06
501,2024/10/20
502,2025/02/24
503,2025/06/15
504,2024/11/25
505,2024/09/23
506,2025/07/08
507,2025/04/08
508,2024/11/13
509,2025/08/09
510,2025/05/07
511,2025/05/19
512,2025/04/17
513,2025/05/24
514,2025/05/01
515,2024/09/16
516,2024/12/29
517,2025/04/01
518,2024/11/01
519,2025/07/19
520,2025/04/21
521,2024/10/30
522,2025/05/20
523,2025/03/04
524,2024/11/27
525,2024/10/08
526,2024/10/05
527,2024/12/20
528,2025/08/07
529,2024/09/24
530,2024/11/04
531,2025/03/31
532,2024/10/04
533,2024/09/06
534,2025/07/19
535,2024/12/10
536,2025/07/20
537,2024/09/16
538,2024/09/22
539,2025/04/07
540,2024/12/02
541,2024/12/04
542,2025/07/25
543,2025/05/16
544,2025/03/17
545,2025/04/23
546,2025/01/14
547,2025/02/27
548,2025/05/22
549,2025/04/22
550,2025/01/22
551,2024/09/03
552,2024/12/18
553,2025/07/24
554,2025/01/14
555,2025/04/25
556,2025/02/22
557,2025/07/10
558,2025/01/19
559,2024/10/10
560,2025/01/09
561,2025/01/06
562,2025/08/15
563,2024/11/08
564,2025/02/16
565,2025/07/28
566,2024/12/30
567,2025/05/10
568,2024/10/10
569,2025/04/11
570,2024/11/03
571,2025/03/12
572,2025/01/03
573,2025/03/09
574,2025/01/12
575,2025/01/29
576,2025/06/19
577,2024/08/30
578,2024/11/20
579,2025/06/25
580,2025/07/20
581,2024/11/04
582,2025/02/28
583,2025/08/18
584,2024/10/10
585,2024/10/04
586,2025/06/04
587,2024/09/05
588,2025/04/07
589,2025/01/05
590,2024/12/10
591,2024/08/28
592,2025/06/15
593,2024/10/14
594,2024/08/22
595,2024/12/18
596,2025/08/06
597,2025/05/29
598,2025/07/05
599,2025/05/16
600,2025/08/06
601,2024/10/04
602,2025/03/09
603,2025/06/08
604,2025/03/08
605,2024/11/11
606,2025/07/29
607,2025/01/02
608,2025/03/18
609,2024/10/19
610,2024/12/12
611,2025/01/19
612,2025/05/08
613,2024/10/25
614,2024/12/04
615,2024/08/22
616,2025/02/01
617,2025/03/17
618,2025/07/02
619,2025/06/11
620,2024/09/22
621,2025/01/22
622,2024/09/14
623,2024/11/03
624,2024/10/23
625,2025/05/10
626,2025/01/12
627,2025/08/07
628,2024/11/07
629,2024/09/03
630,2025/07/24
631,2024/09/14
632,2024/11/02
633,2025/06/08
634,2025/05/23
635,2025/02/09
636,2025/05/21
637,2024/09/20
638,2025/05/15
639,2024/09/23
640,2025/03/07
641,2024/12/23
642,2024/09/28
643,2025/06/07
644,2025/04/06
645,2025/07/17
646,2025/05/14
647,2024/11/03
648,2025/06/14
649,2024/09/16
650,2025/05/01
651,2025/07/23
652,2025/05/04
653,2024/12/20
654,2025/05/12
655,2024/12/17
656,2025/05/18
657,2024/10/27
658,2024/09/26
659,2025/02/17
660,2025/06/21
661,2025/02/02
662,2025/04/14
663,2025/01/18
664,2024/12/05
665,2025/05/02
666,2025/06/09
667,2025/01/27
668,2025/02/22
669,2025/02/18
670,2025/03/15
671,2024/10/23
672,2025/06/26
673,2025/03/21
674,2025/05/05
675,2025/03/24
676,2024/12/10
677,2024/12/29
678,2024/09/18
679,2025/05/07
680,2025/06/08
681,2025/03/07
682,2025/05/26
683,2025/08/08
684,2024/09/15
685,2025/06/23
686,2025/03/05
687,2024/11/13
688,2025/05/30
689,2025/08/11
690,2025/05/23
691,2025/03/03
692,2025/07/13
693,2025/01/04
694,2025/08/19
695,2025/03/04
696,2025/01/13
697,2025/03/18
698,2024/10/13
699,2024/10/05
700,2024/09/28
701,2025/05/11
702,2025/05/16
703,2024/11/21
704,2024/11/26
705,2024/12/22
706,2025/02/18
707,2025/07/22
708,2024/12/12
709,2025/02/19
710,2024/10/16
711,2024/09/22
712,2024/12/09
713,2024/09/29
714,2025/06/29
715,2025/05/20
716,2024/09/19
717,2024/09/01
718,2025/08/21
719,2025/03/12
720,2024/11/27
721,2024/11/30
722,2025/02/04
723,2025/06/02
724,2025/01/23
725,2024/10/27
726,2024/11/29
727,2025/07/07
728,2025/01/23
729,2024/08/24
730,2025/04/04
731,2025/06/06
732,2024/09/29
733,2025/02/27
734,2025/05/14
735,2025/07/15
736,2024/12/09
737,2024/12/07
738,2025/08/01
739,2025/05/22
740,2024/10/04
741,2025/01/06
742,2024/10/31
743,2024/12/13
744,2024/11/23
745,2025/07/01
746,2025/01/02
747,2025/07/25
748,2025/02/03
749,2025/03/26
750,2024/08/28
751,2025/05/27
752,2025/05/20
753,2025/04/17
754,2024/11/04
755,2024/12/09
756,2024/10/12
757,2025/02/11
758,2024/11/14
759,2025/04/14
760,2024/11/28
761,2025/02/16
762,2024/10/07
763,2025/08/16
764,2024/11/13
765,2025/02/02
766,2024/11/24
767,2024/09/24
768,2025/03/25
769,2025/07/06
770,2024/10/23
771,2025/05/25
772,2025/03/12
773,2025/04/18
774,2024/11/21
775,2025/01/19
776,2025/01/14
777,2025/02/07
778,2025/07/21
779,2025/05/22
780,2025/01/31
781,2025/04/29
782,2024/10/12
783,2025/03/31
784,2025/07/18
785,2025/03/07
786,2025/05/22
787,2025/01/31
788,2025/07/30
789,2025/01/30
790,2024/08/31
791,2025/05/30
792,2024/10/06
793,2025/05/25
794,2024/08/29
795,2025/05/12
796,2025/04/09
797,2024/12/05
798,2024/08/28
799,2025/01/30
800,2025/01/31
801,2025/08/12
802,2024/09/08
803,2025/06/01
804,2024/12/26
805,2025/06/06
806,2025/04/23
807,2025/03/06
808,2024/10/25
809,2025/04/22
810,2024/09/19
811,2024/12/25
812,2024/10/10
813,2025/01/21
814,2025/06/11
815,2025/02/23
816,2025/01/21
817,2025/05/16
818,2025/06/26
819,2025/04/04
820,2025/05/16
821,2025/02/09
822,2025/07/06
823,2025/04/15
824,2025/03/28
825,2025/07/24
826,2025/05/05
827,2024/10/15
828,2025/04/03
829,2025/05/03
830,2024/11/04
831,2025/07/03
832,2024/12/17
833,2024/09/27
834,2025/06/11
835,2025/03/13
836,2025/03/25
837,2025/08/11
838,2025/06/22
839,2025/07/05
840,2025/07/05
841,2024/12/31
842,2024/12/28
843,2024/09/24
844,2025/01/02
845,2024/10/18
846,2025/01/20
847,2024/09/24
848,2024/12/31
849,2025/07/24
850,2024/10/15
851,2025/05/05
852,2025/03/15
853,2025/03/02
854,2024/08/26
855,2024/12/27
856,2025/04/07
857,2025/03/04
858,2025/05/01
859,2025/04/11
860,2025/08/10
861,2024/10/24
862,2025/07/21
863,2024/10/27
864,2024/09/14
865,2025/08/14
866,2025/04/16
867,2025/03/27
868,2025/07/08
869,2024/10/20
870,2025/08/20
871,2024/10/05
872,2025/06/02
873,2024/08/25
874,2024/11/03
875,2024/10/08
876,2025/05/12
877,2024/09/22
878,2024/10/30
879,2025/02/06
880,2024/09/28
881,2025/05/05
882,2024/10/16
883,2025/03/24
884,2025/06/02
885,2025/04/14
886,2025/02/23
887,2025/03/19
888,2025/04/27
889,2025/06/06
890,2024/09/20
891,2025/07/18
892,2025/05/30
893,2025/03/02
894,2024/11/10
895,2025/07/11
896,2024/11/09
897,2024/11/02
898,2025/07/11
899,2025/01/10
900,2024/09/22
901,2025/06/04
902,2025/06/29
903,2025/02/06
904,2025/04/13
905,2025/03/31
906,2025/08/05
907,2025/02/17
908,2025/05/06
909,2025/06/08
910,2024/11/15
911,2025/02/07
912,2024/09/02
913,2025/07/26
914,2024/09/19
915,2025/08/10
916,2025/01/18
917,2025/06/11
918,2025/07/01
919,2024/10/15
920,2024/08/24
921,2025/02/11
922,2025/01/14
923,2024/12/26
924,2025/02/04
925,2025/01/15
926,2024/11/24
927,2025/06/09
928,2025/06/20
929,2025/03/08
930,2025/08/13
931,2025/02/15
932,2025/04/04
933,2024/10/29
934,2025/02/24
935,2025/04/27
936,2025/08/08
937,2025/07/22
938,2025/04/07
939,2025/07/28
940,2025/03/23
941,2024/12/11
942,2025/07/09
943,2025/06/24
944,2024/11/27
945,2025/06/23
946,2024/12/10
947,2024/08/25
948,2024/10/16
949,2024/09/07
950,2024/12/31
951,2024/09/16
952,2024/08/23
953,2025/03/25
954,2025/01/31
955,2025/04/30
956,2025/03/20
957,2025/08/01
958,2025/07/07
959,2025/03/30
960,2025/06/23
961,2025/08/21
962,2024/11/30
963,2024/12/25
964,2025/03/13
965,2025/01/20
966,2024/10/10
967,2025/02/22
968,2025/06/25
969,2025/02/06
970,2025/05/16
971,2024/11/20
972,2025/02/15
973,2025/06/19
974,2024/11/09
975,2024/11/10
976,2024/09/06
977,2025/07/14
978,2025/04/11
979,2024/09/14
980,2025/03/10
981,2025/02/23
982,2025/01/29
983,2024/08/25
984,2025/05/19
985,2025/01/21
986,2025/07/02
987,2024/12/16
988,2025/01/23
989,2025/01/15
990,2024/11/13
991,2025/05/09
992,2025/04/20
993,2025/06/09
994,2024/12/15
995,2025/06/07
996,2025/04/05
997,2025/02/25
998,2024/11/07
999,2025/01/10
1000,2024/09/25
